month,kwh,value_source,dataset_role
2023-01,43800.000000,observed,development
2023-02,66547.000000,observed,development
2023-03,24504.000000,observed,development
2023-04,24504.000000,observed,development
2023-05,32015.311475,imputed_linear_interpolation,development
2023-06,39777.000000,observed,development
2023-07,34805.000000,observed,development
2023-08,52234.000000,observed,development
2023-09,53540.000000,observed,development
2023-10,45611.147541,imputed_linear_interpolation,development
2023-11,37418.000000,observed,development
2023-12,65568.000000,observed,development
2024-01,67025.203947,imputed_linear_interpolation,development
2024-02,68482.407895,imputed_linear_interpolation,development
2024-03,69845.598684,imputed_linear_interpolation,development
2024-04,71302.802632,imputed_linear_interpolation,development
2024-05,72713.000000,observed,development
2024-06,54488.000000,observed,development
2024-07,47425.000000,observed,development
2024-08,49143.141304,imputed_linear_interpolation,development
2024-09,50861.282609,imputed_linear_interpolation,development
2024-10,52524.000000,observed,development
2024-11,56096.622951,imputed_linear_interpolation,development
2024-12,59554.000000,observed,development
2025-01,69997.000000,observed,test
2025-02,70097.000000,observed,test
