missing_month,recovered,imputed,excluded,reason_or_source
2023-05,No,Yes,No,Development-period linear interpolation; adviser approval pending
2023-10,No,Yes,No,Development-period linear interpolation; adviser approval pending
2024-01,No,Yes,No,Development-period linear interpolation; adviser approval pending
2024-02,No,Yes,No,Development-period linear interpolation; adviser approval pending
2024-03,No,Yes,No,Development-period linear interpolation; adviser approval pending
2024-04,No,Yes,No,Development-period linear interpolation; adviser approval pending
2024-08,No,Yes,No,Development-period linear interpolation; adviser approval pending
2024-09,No,Yes,No,Development-period linear interpolation; adviser approval pending
2024-11,No,Yes,No,Development-period linear interpolation; adviser approval pending
